Date/Time,Environment:Site Outdoor Air Drybulb Temperature [C](TimeStep),CORE_ZN:Zone Mean Air Temperature [C](TimeStep),PERIMETER_ZN_1:Zone Mean Air Temperature [C](TimeStep),PERIMETER_ZN_2:Zone Mean Air Temperature [C](TimeStep),PERIMETER_ZN_3:Zone Mean Air Temperature [C](TimeStep),PERIMETER_ZN_4:Zone Mean Air Temperature [C](TimeStep),ATTIC:Zone Mean Air Temperature [C](TimeStep),CORE_ZN:Zone Thermostat Cooling Setpoint Temperature [C](TimeStep),PERIMETER_ZN_1:Zone Thermostat Cooling Setpoint Temperature [C](TimeStep),PERIMETER_ZN_2:Zone Thermostat Cooling Setpoint Temperature [C](TimeStep),PERIMETER_ZN_3:Zone Thermostat Cooling Setpoint Temperature [C](TimeStep),PERIMETER_ZN_4:Zone Thermostat Cooling Setpoint Temperature [C](TimeStep),ATTIC:Zone Thermostat Cooling Setpoint Temperature [C](TimeStep),PSZ-AC:1:Air System Total Cooling Energy [J](TimeStep),PSZ-AC:2:Air System Total Cooling Energy [J](TimeStep),PSZ-AC:3:Air System Total Cooling Energy [J](TimeStep),PSZ-AC:4:Air System Total Cooling Energy [J](TimeStep),PSZ-AC:5:Air System Total Cooling Energy [J](TimeStep) 
 08/01  00:15:00,25.85,29.440118979246994,29.440072071324864,26.572577867298319,29.437974875397936,29.440095540588957,22.991540100267306,29.44,29.44,29.44,29.44,29.44,0.0,1166303.3974039632,423977.03341733905,0.0,0.0,330125.40530033866 
 08/01  00:30:00,25.6,29.440099626624744,29.44007138059433,26.568046701345698,29.433636956544114,29.440094641604639,22.790187948171178,29.44,29.44,29.44,29.44,29.44,0.0,556250.1178368095,401601.54654410827,0.0,0.0,315043.1052447678 
 08/01  00:45:00,25.35,29.44008871153896,29.440068530418956,26.56381047626719,29.42757799840666,29.44009140549689,22.592260423151666,29.44,29.44,29.44,29.44,29.44,0.0,548249.0694480034,379599.21823734688,0.0,0.0,301307.8707274823 
 08/01  01:00:00,25.1,29.440081854540016,29.440064813959955,26.560377482055736,29.420553878905879,29.440087248659368,22.402992505387485,29.44,29.44,29.44,29.44,29.44,0.0,540197.4440314288,359227.7690554376,0.0,0.0,288870.2576589937 
 08/01  01:15:00,25.050000000000006,29.440079731079434,29.44006283079487,26.55718499135395,29.41574298860671,29.440084884543674,22.22673250117833,29.44,29.44,29.44,29.44,29.44,0.0,554160.1966078139,352836.46551653728,0.0,0.0,283782.09258140446 
 08/01  01:30:00,25.0,29.440079872334427,29.44006166040658,26.553793324876737,29.412736617775289,29.440083433236575,22.04008581679703,29.44,29.44,29.44,29.44,29.44,0.0,567799.4582231061,346363.56208975988,0.0,0.0,279076.00070510656 
 08/01  01:45:00,24.949999999999997,29.440081077879684,29.440060857304095,26.55012215003217,29.410656893366299,29.44008244675566,21.821872812919716,29.44,29.44,29.44,29.44,29.44,0.0,581028.1729772739,339842.9962693539,0.0,0.0,274637.8308653923 
 08/01  02:00:00,24.9,29.440082762969856,29.44006019453348,26.546214102661219,29.409023234951929,29.44008168988826,21.569767984970757,29.44,29.44,29.44,29.44,29.44,0.0,593754.8621779535,333140.2610526632,0.0,0.0,270358.6805363975 
 08/01  02:15:00,24.824999999999997,29.44008278948614,29.440058556780487,26.543040429512275,29.407701735288748,29.440079731327239,21.299995123837499,29.44,29.44,29.44,29.44,29.44,0.0,602964.0018114658,326544.81020369866,0.0,0.0,266303.6920792109 
 08/01  02:30:00,24.75,29.440081970104314,29.440056490659136,26.540435873678196,29.406554462711069,29.440077231805544,21.040984527738304,29.44,29.44,29.44,29.44,29.44,0.0,611475.0164761748,319917.4564449858,0.0,0.0,262239.3612469357 
 08/01  02:45:00,24.675000000000006,29.440080711884737,29.440054261069404,26.537951950891558,29.40551599537879,29.4400745340451,20.80822513274725,29.44,29.44,29.44,29.44,29.44,0.0,619356.2161518837,313256.2270958073,0.0,0.0,258279.2167461148 
 08/01  03:00:00,24.6,29.440079219415276,29.440051999461298,26.53542967099419,29.40456963999022,29.440071807877677,20.599914348391676,29.44,29.44,29.44,29.44,29.44,0.0,626712.4781419978,306632.59036301917,0.0,0.0,254456.6410070055 
 08/01  03:15:00,24.550000000000006,29.440078725551748,29.44005051274035,26.53321937963093,29.404281544335676,29.440070014987556,20.410560243249234,29.44,29.44,29.44,29.44,29.44,0.0,636579.4761997757,303093.7202937333,0.0,0.0,252463.3087762969 
 08/01  03:30:00,24.5,29.440078701552719,29.44004942107965,26.531349309343253,29.40454719797334,29.44006871864916,20.234853330576656,29.44,29.44,29.44,29.44,29.44,0.0,646202.6111176103,299729.9802577052,0.0,0.0,250660.99690919985 
 08/01  03:45:00,24.449999999999997,29.440078890581927,29.440048540359844,26.52967203812798,29.405177091494648,29.440067698510675,20.067227199771304,29.44,29.44,29.44,29.44,29.44,0.0,655629.0885583471,296579.65711886549,0.0,0.0,249054.52947770444 
 08/01  04:00:00,24.4,29.44007916715022,29.440047762517076,26.527812803688879,29.40595697960556,29.44006681564719,19.893944098410598,29.44,29.44,29.44,29.44,29.44,0.0,664815.0169552292,293383.34885392428,0.0,0.0,247384.0751363512 
 08/01  04:15:00,24.4,29.440079878104503,29.440047432145137,26.526396444742998,29.40780922466476,29.440066388825298,19.714095447314866,29.44,29.44,29.44,29.44,29.44,0.0,679494.5296989003,294682.1275433424,0.0,0.0,248343.61399273267 
 08/01  04:30:00,24.4,29.440080782962455,29.440047333360835,26.525492623555274,29.410573920104289,29.440066210063447,19.54700243719139,29.44,29.44,29.44,29.44,29.44,0.0,693925.0272856482,296151.26175915429,0.0,0.0,249456.07149445034 
 08/01  04:45:00,24.4,29.440081770134595,29.440047368128707,26.524920797975363,29.413962664510885,29.440066181934055,19.408996325042698,29.44,29.44,29.44,29.44,29.44,0.0,708201.8485123724,297895.7461807113,0.0,0.0,250785.8244202198 
 08/01  05:00:00,24.4,29.44008278979178,29.440047492928703,26.5245951851671,29.4178357346383,29.440066258858516,19.301248000385255,29.44,29.44,29.44,29.44,29.44,0.0,722412.221655221,299979.1665240106,0.0,0.0,252365.4544381472 
 08/01  05:15:00,24.275,29.440081424940176,29.440045860916265,26.523421656215697,29.419343141988184,29.440064476659946,19.203734241044815,29.44,29.44,29.44,29.44,29.44,0.0,721561.2667385177,287820.1296103143,0.0,0.0,246015.76842213624 
 08/01  05:30:00,24.15,29.440078932304546,29.440043457371208,26.521608917558618,29.418901717041604,29.440061848512433,19.103720375768967,29.44,29.44,29.44,29.44,29.44,0.0,720399.7170068574,275832.05674004388,0.0,0.0,239772.117275992 
 08/01  05:45:00,24.025,29.44007592260559,29.440040740292653,26.519684033841175,29.417304879584934,29.44005886350287,18.998066157173168,29.44,29.44,29.44,29.44,29.44,0.0,718822.3499300765,263712.9578579278,0.0,0.0,233483.1813843127 
 08/01  06:00:00,23.9,29.44007276846202,29.440039279318765,26.606644391931288,29.428986579782355,29.44005680203052,18.992354840198457,29.44,29.44,29.44,29.44,29.44,0.0,719380.8562619453,273718.5210249523,0.0,17026.883342427533,238491.7474544065 
 08/01  06:15:00,24.174999999999998,29.440057644390909,29.44003391168087,26.72818223191277,29.437024717758257,29.44004720970628,19.304209529825806,29.44,29.44,29.44,29.44,29.44,0.0,773948.5074395577,331709.98758491946,0.0,128468.61785272593,270135.1843361032 
 08/01  06:30:00,24.45,29.440046033069387,29.440030243515467,26.852934136122366,29.439551590296234,29.440039679554496,19.843070093619685,29.439999999999999,29.439999999999999,29.439999999999999,29.439999999999999,29.439999999999999,0.0,833675.2487279764,396553.5501551868,0.0,213816.56781196409,305107.57148507426 
 08/01  06:45:00,24.725,29.440040117706013,29.44002877979071,27.02589653167047,29.439974081392877,29.44003585643647,20.603447268211796,29.44,29.44,29.44,29.44,29.44,0.0,899454.2942816083,466794.3883135982,0.0,303384.5613512521,342501.4220236464 
 08/01  07:00:00,25.0,29.440037079437795,29.440028389319826,27.220438035662008,29.440017707444125,29.44003398898148,21.677569419905809,29.440000000000006,29.440000000000006,29.440000000000006,29.440000000000006,29.440000000000006,0.0,971072.4304197847,542149.5641433351,0.0,386277.6345666501,382008.82017632995 
 08/01  07:15:00,25.825,29.440036801782648,29.440030720978276,27.449534698709866,29.440024431678748,29.440035110454283,23.09654814308016,29.439999999999999,29.439999999999999,29.439999999999999,29.439999999999999,29.439999999999999,0.0,1109426.405670231,689460.6349755761,0.0,541071.909237258,461026.03783122697 
 08/01  07:30:00,26.65,29.44003671448622,29.440032517066699,27.693665371740584,29.44002750888789,29.440036058764084,24.767424920220145,29.439999999999999,29.439999999999999,29.439999999999999,29.439999999999999,29.439999999999999,0.0,1250517.4116241376,840327.484352267,0.0,697122.734303581,541903.4679052985 
 08/01  07:45:00,27.475,29.440032922405608,29.440030375782876,27.924225289545647,29.440026700078957,29.440033065881459,26.92396524067913,29.43999999999997,29.43999999999997,29.43999999999997,29.43999999999997,29.43999999999997,0.0,1392830.5276435544,992930.294111525,0.0,855743.2531358745,624226.5312093472 
 08/01  08:00:00,28.3,29.440032890988428,29.44003115092311,28.14682444298752,29.440028112321767,29.44003351109342,29.289499494394929,29.439999999999999,29.439999999999999,29.439999999999999,29.439999999999999,29.439999999999999,0.0,1535267.6352261785,1147567.0932925246,0.0,1016475.0978088403,708716.8273439321 
 08/01  08:15:00,28.725,22.766340238569787,22.726211558958839,21.0943164483503,22.838040897331273,22.432099243144639,31.852842195372454,19.999999999999998,19.999999999999998,19.999999999999998,19.999999999999998,19.999999999999998,0.0,24233309.92882637,19638650.432175857,8354005.570821038,20165091.226915845,11988244.060704645 
 08/01  08:30:00,29.15,20.997250011191686,21.014974890509288,20.094444409189486,21.012430963353706,20.74819259497893,34.46404490225254,19.999999999999994,19.999999999999994,19.999999999999994,19.999999999999994,19.999999999999994,0.0,23967195.490531114,19455331.77501192,9822113.01314371,19633054.333021106,11959127.644568153 
 08/01  08:45:00,29.575,20.0118390123263,20.01273111493183,20.000382953974193,20.0128587837537,20.009989859800677,37.79349184037011,20.000000000000044,20.000000000000044,20.000000000000044,20.000000000000044,20.000000000000044,0.0,17449639.110500687,14217164.534168806,7192553.706028654,14082512.834388102,8557337.1577181 
 08/01  09:00:00,30.0,19.99975171266854,19.9997590990901,19.99957589095917,19.999761394873727,19.99981136154276,39.956389815637269,20.0,20.0,20.0,20.0,20.0,0.0,15346676.494416336,12485006.24060371,6494679.422419248,12333442.05623986,7547301.4734149449 
 08/01  09:15:00,30.425,21.147008277504939,21.18692518314155,20.532988829429294,20.929545268360937,20.794432835102726,42.32775676711077,21.178999999999996,21.215999999999999,20.535999999999996,20.948,20.810999999999994,0.0,10565378.178740649,8548253.546153013,5231793.498174189,9027205.60579714,5759303.077759536 
 08/01  09:30:00,30.85,22.295609391053796,22.369415508673705,21.0697756648241,21.86701015520032,21.60998820128595,44.709733978427369,22.361,22.435000000000007,21.071,21.897000000000007,21.623999999999996,0.0,7601875.201790788,6068654.293595552,4316651.206217381,6893974.499461319,4560222.5221202489 
 08/01  09:45:00,31.275,23.219957525147526,23.324996345185729,21.477681635736823,22.62009154271289,22.2573051618949,47.02732926897747,23.272999999999969,23.382999999999979,21.47899999999998,22.638999999999976,22.27099999999997,0.0,6268640.691929034,4662775.78601359,3747609.991559168,5662928.051663775,3866247.075393455 
 08/01  10:00:00,31.7,23.896995105116713,24.036998817032207,21.75692981998089,23.158051438569815,22.736772427240806,49.75451984281517,23.91499999999996,24.060999999999976,21.75799999999997,23.16899999999997,22.746999999999969,0.0,5537441.650609905,4045977.5337288465,3429714.716477752,5114262.910877279,3527290.2431016976 
 08/01  10:15:00,31.974999999999999,24.327427420144578,24.506340639892597,21.93774986751929,23.520039943340927,23.076304682045753,51.30144123764617,24.340999999999995,24.522,21.939,23.532,23.087999999999995,0.0,5089049.517191499,3687102.3905310968,3244915.823470546,4796732.923478928,3323702.032788731 
 08/01  10:30:00,32.25,24.598448443397559,24.807402219364719,22.051893404683093,23.765147271870924,23.31783984557493,52.70500054579651,24.609999999999994,24.821000000000006,22.053000000000006,23.776000000000008,23.329,0.0,4971907.6924301,3618095.6095040899,3157641.1497505519,4704054.178532176,3250967.731819482 
 08/01  10:45:00,32.525,24.768675722524728,25.00340150305226,22.1249759027652,23.92875809987521,23.487897574615724,53.79787630968832,24.778999999999998,25.016000000000003,22.126000000000006,23.939000000000005,23.499,0.0,4974275.180602846,3658145.839098953,3109853.7161080299,4722761.897688589,3247583.948633735 
 08/01  11:00:00,32.8,24.875138150423209,25.1296085882388,22.16806155913434,24.03669768366425,23.60623099150315,54.67863122774694,24.884999999999996,25.142000000000004,22.169000000000005,24.047000000000005,23.618,0.0,5036112.514245873,3756414.162894463,3094426.0413343079,4802021.519100362,3285048.125941997 
 08/01  11:15:00,32.925,24.944612119952873,25.215576313134489,22.19328219645073,24.11091249408311,23.692390891435396,55.71971094487742,24.950999999999995,25.224000000000005,22.194000000000004,24.118000000000007,23.700999999999998,0.0,5167416.290505108,3890173.6553146729,3084074.9239133608,4915864.000931994,3344809.910294028 
 08/01  11:30:00,33.05,24.985575308942534,25.268208036071934,22.20733243446527,24.157476175796917,23.750233734796568,56.25875655342565,24.99199999999999,25.277000000000006,22.208,24.165000000000008,23.759999999999999,0.0,5235755.2267904379,3968810.4514407219,3050353.957789476,4974273.174158728,3369019.6773300759 
 08/01  11:45:00,33.175,25.01279436892054,25.304904545149605,22.21546981844401,24.18979563878819,23.79280015557932,57.01222023694615,25.01699999999999,25.311000000000005,22.216,24.195000000000005,23.799999999999998,0.0,5342188.26174114,4082828.294184335,3040808.053032341,5064083.3085156329,3417626.8864369106 
 08/01  12:00:00,33.3,25.02951962668676,25.329062724694464,22.220528794245248,24.21155735699614,23.822946161263155,57.60409248553278,25.031999999999994,25.333,22.221,24.215000000000008,23.827999999999997,0.0,5435812.036712086,4183843.896179286,3030286.1837564778,5140315.508653396,3458803.2244060637 
 08/01  12:15:00,33.574999999999999,25.039613033021355,25.34370500813051,22.22263161992203,24.224959329970298,23.843595568776239,58.22253668943422,25.040999999999995,25.346000000000005,22.223,24.227000000000005,23.846999999999995,0.0,5527556.861861965,4307248.013819044,3032965.099947117,5239650.423181692,3515988.1020138987 
 08/01  12:30:00,33.849999999999997,25.045328358195353,25.352672009323503,22.2236352197365,24.23286920505621,23.85771780582663,58.855940925376788,25.04599999999999,25.354000000000004,22.223999999999998,24.23400000000001,23.859999999999994,0.0,5604091.989470376,4416527.826196938,3034960.4514659319,5329558.780591456,3567267.9006139209 
 08/01  12:45:00,34.125,25.04784736357958,25.358242140877495,22.225551727665335,24.237418316058375,23.866611761314386,59.4861855758505,25.04799999999999,25.358999999999999,22.226,24.238000000000008,23.867999999999996,0.0,5667516.815382227,4515136.134594569,3035793.3581712099,5407757.37086637,3614342.1019350534 
 08/01  13:00:00,34.4,25.048978059516409,25.36123692768694,22.224626350679896,24.239534276982057,23.871525525747655,59.834116570257638,25.048999999999994,25.362000000000003,22.224999999999999,24.24000000000001,23.872999999999995,0.0,5706441.153132133,4593747.29151094,3035309.3116480924,5469001.360579835,3651141.3489353416 
 08/01  13:15:00,34.55,25.050003383843174,25.363476977140885,22.22540895877451,24.240803577174164,23.87425662074481,60.31257210110816,25.049999999999995,25.364,22.226,24.24100000000001,23.874999999999994,0.0,5736713.62027202,4643672.063553276,3020098.346584178,5501999.076785074,3671731.8421625967 
 08/01  13:30:00,34.7,25.05038312843416,25.364679872168926,22.27179409459019,24.241209671823179,23.875582872921219,60.57335644162311,25.049999999999995,25.365000000000003,22.282,24.24100000000001,23.875999999999995,0.0,5766734.596262305,4691407.091294211,2927892.9128007607,5532685.681753475,3690371.5611559969 
 08/01  13:45:00,34.85,25.050490744724909,25.365611478043346,22.2771959737809,24.24130943901928,23.876538529097265,60.69036562735367,25.049999999999995,25.366000000000004,22.279,24.24100000000001,23.876999999999997,0.0,5790200.532474761,4728525.400836363,2945770.7440223318,5554974.1844686879,3707236.122170532 
 08/01  14:00:00,35.0,25.050549215738845,25.366051383818566,22.266530379364068,24.24136395573027,23.87697893876283,60.7519900614833,25.049999999999995,25.366000000000004,22.265,24.24100000000001,23.876999999999997,0.0,5812687.545197833,4763561.51662263,2934009.797758694,5574249.794670842,3749687.17457922 
 08/01  14:15:00,35.0,25.05057870386065,25.366256721760839,22.252267887794763,24.240846583069556,23.877171493666624,60.73449429167746,25.049999999999995,25.366000000000004,22.25,24.24000000000001,23.876999999999997,0.0,5822408.181765733,4792763.565263379,2940788.4499203625,5593613.110874754,3815279.9017807778 
 08/01  14:30:00,35.0,25.445298683625066,25.720942478683726,22.867125537848087,24.517400639043623,24.291315195694137,60.584941527878758,25.578999999999995,25.843000000000005,22.895,24.61000000000001,24.432999999999998,0.0,4473807.144389548,3804749.6158690799,2168194.323578987,4795855.032343993,3138734.7382538735 
 08/01  14:45:00,35.0,26.010984028690598,26.22953704104095,23.538747503352306,24.912466169237697,24.884011165682247,60.23704120259623,26.10799999999999,26.319,23.543,24.98000000000001,24.988999999999995,0.0,3491677.5743716319,3052630.487271195,1475906.125940309,4151745.732684269,2600815.2159863898 
 08/01  15:00:00,35.0,26.46249745276687,26.639740937554849,24.04218161697792,25.233011862231949,25.370393219742156,59.44256438088319,26.54399999999999,26.715000000000005,24.046,25.28900000000001,25.458999999999994,0.0,3227500.5461738614,2811904.7897211725,1183420.3125103086,3897037.227582425,2404693.0545958059 
 08/01  15:15:00,35.15,26.809961101936069,26.960380257268186,24.387289780077315,25.484257434716829,25.76267993780379,58.5160175199919,26.846999999999995,26.995000000000006,24.387999999999999,25.510000000000013,25.804999999999997,0.0,3095365.335118777,2667032.5509558066,1003988.6929271258,3741234.5271044129,2289765.2345728946 
 08/01  15:30:00,35.3,27.02961320948092,27.167342650303337,24.499556263618783,25.648099564199908,26.031056075155168,57.41841066615431,27.044999999999996,27.18200000000001,24.499999999999998,25.659000000000014,26.05,0.0,3197106.4577835577,2714081.9773004397,1053491.803695458,3749346.3109878718,2311540.0184044425 
 08/01  15:45:00,35.45,27.153214462047037,27.287296544606549,23.9887317982654,25.398141408506367,25.68214525422491,56.04701017603912,27.162,27.29600000000001,23.980999999999999,25.381000000000019,25.656999999999998,0.0,3355198.4780226808,2821732.0426369186,1687256.5435509836,4541890.554249579,3066480.8653298534 
 08/01  16:00:00,35.6,27.219603067628154,26.927983853210436,23.449366944866275,25.097089244477546,25.25300610729372,55.20110136274684,27.226999999999998,26.887000000000009,23.435,25.066000000000014,25.206999999999998,0.0,3407149.1772654468,3644315.83629698,2321387.7559124699,5196589.470863215,3738555.587695312 
 08/01  16:15:00,35.300000000000007,27.259569770909267,26.92727192520899,23.022376104071303,24.833710781035845,24.86996381309937,54.0127209980436,27.263999999999997,26.927000000000008,23.011,24.807000000000014,24.83,0.0,3469473.330861103,3447792.126187405,2753808.980445269,5599618.9791027349,4214301.812104569 
 08/01  16:30:00,35.0,27.282466491473,26.60666752214394,22.72379209862749,24.634933299907869,24.573363328601439,52.975696947656377,27.284999999999998,26.572000000000008,22.715999999999999,24.615000000000014,24.543,0.0,3506808.948314829,4164240.2512927248,3028780.5636186145,5852644.113371314,4556336.2731493 
 08/01  16:45:00,34.699999999999999,27.294654371679916,26.684975964602417,22.52776071794579,24.495857547343268,24.357762935884347,51.8755442695692,27.295999999999997,26.693000000000006,22.522999999999997,24.482000000000015,24.336,0.0,3530687.8515257399,3736902.145864879,3163051.0187608019,5968868.694830408,4776917.988832409 
 08/01  17:00:00,34.4,27.301271207287088,26.86780206452512,22.460006841516745,24.40320467572785,24.206128429036565,50.68206990170317,27.301999999999997,26.887000000000005,22.458999999999997,24.394000000000014,24.191,0.0,3540229.819236726,3383982.244053461,3125619.187123784,5988564.178427214,4902927.969024518 
 08/01  17:15:00,34.0,26.81062337918614,26.605305759428309,22.38565709192894,24.341052465172554,24.097969162535337,49.61176604670881,26.776,26.587000000000005,22.384999999999999,24.337000000000019,24.091,0.0,4512957.734483685,4018259.3669367639,3100984.125216653,5927255.984229401,4964583.625549059 
 08/01  17:30:00,33.599999999999997,26.284504724016757,26.26795932358999,22.328346439886567,24.303491296289928,24.02754305950409,48.03467287758063,26.249,26.245000000000009,22.327999999999997,24.301000000000014,24.023,0.0,5220076.1437284019,4526275.472872976,3047534.5938407338,5818170.4132928,4960795.53727626 
 08/01  17:45:00,33.199999999999999,26.361610858961546,25.976706732544529,22.288926893401557,24.280125568230607,23.98011968273404,46.76981812295128,26.364999999999989,25.963,22.28899999999999,24.27900000000001,23.977999999999996,0.0,4539212.385202373,4847899.278672732,2981962.5925738548,5716656.021564799,4910927.097653776 
 08/01  18:00:00,32.8,26.593426497124253,26.22259814700121,22.26477421403671,24.266689146160773,23.949399540238589,44.899071504081387,26.603999999999993,26.234,22.264999999999995,24.26600000000001,23.947999999999995,0.0,3916544.523454265,3906016.0903019548,2889445.1775291359,5602149.284941903,4822274.380769955 
 08/01  18:15:00,32.599999999999997,26.305979463369249,26.098446118469544,22.250692564055716,24.25933724557542,23.92968293537449,43.470215684282127,26.295999999999994,26.094,22.25099999999999,24.259000000000009,23.928999999999996,0.0,4738813.341264177,4238794.021508887,2821287.669717861,5545694.993457744,4760184.874364523 
 08/01  18:30:00,32.4,27.835678989444167,27.73785481293701,24.314407531048066,26.38552482807038,26.880053386907059,41.48206148831616,29.439999999999999,29.439999999999999,29.439999999999999,29.439999999999999,29.439999999999999,0.0,0.0,0.0,0.0,0.0,0.0 
 08/01  18:45:00,32.2,29.102338344688797,29.079727315746884,25.549889026533405,28.089306487682987,28.960801874010686,39.74688796258414,29.440000000000045,29.440000000000045,29.440000000000045,29.440000000000045,29.440000000000045,0.0,0.0,40351.49251176394,0.0,0.0,109184.90162119002 
 08/01  19:00:00,32.0,29.341415364245248,29.342109605139627,25.751706198913923,28.52151655312614,29.332312413111283,38.44571622199589,29.439999999999999,29.439999999999999,29.439999999999999,29.439999999999999,29.439999999999999,0.0,195766.81182335854,197510.30498527894,0.0,0.0,276004.6535128559 
 08/01  19:15:00,31.75,29.435858465866916,29.435627316193889,26.09696306023652,28.968986653229825,29.434878270706123,36.536983544839099,29.439999999999999,29.439999999999999,29.439999999999999,29.439999999999999,29.439999999999999,0.0,669876.5113587295,566776.4044272374,0.0,0.0,533205.722126714 
 08/01  19:30:00,31.5,29.43988768205161,29.439867960227159,26.252771724437847,29.18017347373695,29.439843197692004,34.9535377239736,29.439999999999999,29.439999999999999,29.439999999999999,29.439999999999999,29.439999999999999,0.0,866554.5317367867,689482.9500158449,0.0,0.0,563945.8625442804 
 08/01  19:45:00,31.25,29.44004870986884,29.440044639820756,26.31101555194819,29.274846384784867,29.44006526549952,34.07008492710325,29.440000000000006,29.440000000000006,29.440000000000006,29.440000000000006,29.440000000000006,0.0,979069.9645261598,754650.8395818741,0.0,0.0,598028.4906103966 
 08/01  20:00:00,31.0,29.440063006882924,29.4400618654474,26.409044452088918,29.38784855097444,29.4400863239757,32.53604107407621,29.440000000000006,29.440000000000006,29.440000000000006,29.440000000000006,29.440000000000006,0.0,1064189.894068122,796705.1957950218,0.0,0.0,623756.6607180294 
 08/01  20:15:00,30.6,29.440066964066419,29.440064405584566,26.463957220150534,29.436729165279883,29.440088581531847,31.490131709200708,29.440000000000006,29.440000000000006,29.440000000000006,29.440000000000006,29.440000000000006,0.0,1117883.4658718457,803510.9428616525,0.0,72607.16409653775,628075.1901557922 
 08/01  20:30:00,30.2,29.440089319381426,29.44008015450555,26.481935728887828,29.43951788404619,29.440109080858528,30.946705488527546,29.439999999999999,29.439999999999999,29.439999999999999,29.439999999999999,29.439999999999999,0.0,1150760.7700120477,798339.1276177799,0.0,134847.58809445345,618266.5931823057 
 08/01  20:45:00,29.799999999999998,29.440108433988529,29.440099955727257,26.515844156094717,29.43998959124295,29.44013311791338,29.95393280024252,29.439999999999999,29.439999999999999,29.439999999999999,29.439999999999999,29.439999999999999,0.0,1175476.422867002,788706.9489212564,0.0,174141.86025513654,605921.8889540901 
 08/01  21:00:00,29.4,29.44011443772692,29.44010456692746,26.533865513351637,29.440065509208993,29.440137723338695,29.254006600434225,29.439999999999999,29.439999999999999,29.439999999999999,29.439999999999999,29.439999999999999,0.0,1192736.2307065188,774742.8533250743,0.0,189995.10372951069,591480.584253428 
 08/01  21:15:00,28.849999999999999,29.44011240537138,29.440101378678898,26.55241516688519,29.440072488468318,29.440133223923227,28.608213383441649,29.439999999999999,29.439999999999999,29.439999999999999,29.439999999999999,29.439999999999999,0.0,1185691.0530185588,739987.0182704831,0.0,181309.21618329799,566371.9079791097 
 08/01  21:30:00,28.299999999999998,29.440108725134566,29.4400971872919,26.57176256109466,29.440070006680963,29.44012806772763,27.973245101002175,29.439999999999999,29.439999999999999,29.439999999999999,29.439999999999999,29.439999999999999,0.0,1172254.842329984,697329.2352922434,0.0,159095.6587107836,538347.6620486431 
 08/01  21:45:00,27.75,29.440104344278184,29.44009218909902,26.583922489342485,29.44006521986796,29.440122964748,27.354310178493049,29.439999999999999,29.439999999999999,29.439999999999999,29.439999999999999,29.439999999999999,0.0,1153418.0934246844,648095.8437199593,0.0,126016.711662799,510320.12578182268 
 08/01  22:00:00,27.2,29.440099525682645,29.44008656281718,26.589086158467006,29.440059365846879,29.440115291573585,26.74300223842913,29.439999999999999,29.439999999999999,29.439999999999999,29.439999999999999,29.439999999999999,0.0,1129960.6500892009,594248.9112664857,0.0,83429.44935575016,474475.17264294638 
 08/01  22:15:00,26.924999999999998,29.4401067802734,29.440079525389053,26.58891059692248,29.440024062308568,29.440108353627794,26.394214773134509,29.44,29.44,29.44,29.44,29.44,0.0,1127860.5720326405,568467.373511261,0.0,71512.84226305099,454002.2024056234 
 08/01  22:30:00,26.65,29.440115122631583,29.440095014925796,26.590331469471545,29.440059347615759,29.440127140047509,25.64888051250659,29.44,29.44,29.44,29.44,29.44,0.0,1123822.6681992673,543487.5848657989,0.0,57037.71152563387,433509.7146988906 
 08/01  22:45:00,26.375000000000005,29.440079431487584,29.440056163703458,26.589012000233838,29.44001286571228,29.440076873376886,25.292805005824819,29.439999999999999,29.439999999999999,29.439999999999999,29.439999999999999,29.439999999999999,0.0,1117733.544422567,517697.06153497987,0.0,40230.912803748,413092.8694095664 
 08/01  23:00:00,26.1,29.440089124247146,29.44005878740944,26.58655976314435,29.44000558193734,29.440080298727876,24.856428636459307,29.44,29.44,29.44,29.44,29.44,0.0,1107645.4811138288,489579.13028111847,0.0,20616.815272925116,391301.091757685 
 08/01  23:15:00,26.1,29.44007257880522,29.44004626759319,26.58659256631305,29.440002679622503,29.440062929745105,24.354511050953755,29.439999999999999,29.439999999999999,29.439999999999999,29.439999999999999,29.439999999999999,0.0,1126904.3718751339,479002.50251619415,0.0,20239.13921671101,378982.52099437967 
 08/01  23:30:00,26.1,29.440088372865334,29.440054334934204,26.586038966919447,29.440002594170055,29.440072666673318,23.992226710696877,29.44,29.44,29.44,29.44,29.44,0.0,1144718.3293820467,469271.589447408,0.0,18288.17321603166,366689.4654621235 
 08/01  23:45:00,26.1,29.440098145230658,29.44007359709097,26.584331899059284,29.440039495844379,29.4400984672494,23.433610963432139,29.44,29.44,29.44,29.44,29.44,0.0,1163122.6651441598,459561.53794390687,0.0,14324.625121097703,356084.3810306869 
 08/01  24:00:00,26.1,29.440100903851215,29.440079208669986,26.58230059462737,29.440050453507657,29.44010593223536,23.182129443398766,29.44,29.44,29.44,29.44,29.44,0.0,1181716.8717447827,450692.9091155144,0.0,12365.661511406259,347963.833169857 
 08/02  00:15:00,25.825000000000004,29.440126217249359,29.44008956605255,26.71250175101212,29.440039951628454,29.440111320153535,22.98932339695085,29.44,29.44,29.44,29.44,29.44,0.0,1526956.4093045719,707322.6936488297,0.0,282847.6140310224,488154.9118197403 
 08/02  00:30:00,25.55,29.440136438839614,29.440097007616769,26.816826606255537,29.44004371544926,29.44011799209034,22.78116052732569,29.44,29.44,29.44,29.44,29.44,0.0,1514191.2817622668,687021.0544191392,0.0,272206.82787884227,474726.81334492037 
 08/02  00:45:00,25.275,29.440138201215988,29.440097969374756,26.845005804160466,29.44004401085344,29.440118342893066,22.56998944352401,29.44,29.44,29.44,29.44,29.44,0.0,1501130.5237766638,668221.998383551,0.0,261517.70501005729,463078.844875897 
 08/02  01:00:00,25.0,29.440135937455524,29.440095958524386,26.83944444997423,29.440042771008167,29.44011572924076,22.346313742541925,29.44,29.44,29.44,29.44,29.44,0.0,1487711.2802563485,651456.8456276046,0.0,251876.4650629671,452328.4993314617 
 08/02  01:15:00,25.0,29.44013531704035,29.44009504932771,26.83785861573289,29.440042904500659,29.4401141826086,22.124112380749769,29.44,29.44,29.44,29.44,29.44,0.0,1502949.148433136,652980.6375107423,0.0,261991.79391315624,451213.1528753505 
 08/02  01:30:00,25.0,29.440135487612215,29.440094705149236,26.84582760740727,29.4400437200724,29.4401132377932,21.929852602548864,29.44,29.44,29.44,29.44,29.44,0.0,1517795.9626073314,654920.4863154155,0.0,272434.75396953176,450720.3691689648 
 08/02  01:45:00,25.0,29.440136036406785,29.44009466438443,26.85587582133605,29.440044885338574,29.440112657720339,21.781528907036358,29.44,29.44,29.44,29.44,29.44,0.0,1532428.294235396,657415.079701755,0.0,283268.1978009151,450904.2410489204 
 08/02  02:00:00,25.0,29.440136766865256,29.440094804565335,26.86370905768627,29.440046249283946,29.440112323701454,21.678676397679579,29.44,29.44,29.44,29.44,29.44,0.0,1546993.2824994638,660553.6322132922,0.0,294621.26379733436,451761.11385895809 
 08/02  02:15:00,25.0,29.44013749684849,29.440094729022389,26.86896921959162,29.44004730406881,29.440111804065397,21.633332605289938,29.44,29.44,29.44,29.44,29.44,0.0,1561700.9575156565,658471.1839548076,0.0,300755.3700293045,449533.12842269087 
 08/02  02:30:00,25.0,29.44013822864653,29.440094585375478,26.87334603467795,29.44004823948337,29.440111228396935,21.66629109925131,29.44,29.44,29.44,29.44,29.44,0.0,1577139.734655695,657244.58911667,0.0,307348.5700087375,447817.9748603261 
 08/02  02:45:00,25.0,29.440138969735754,29.440094475485073,26.878115988464367,29.440049175271786,29.44011069046602,21.774124348533904,29.44,29.44,29.44,29.44,29.44,0.0,1593074.2102405343,657476.0192975636,0.0,314810.2558941739,446917.1009576443 
 08/02  03:00:00,25.0,29.440139719509035,29.44009441397795,26.88354491846569,29.440050136363995,29.440110234646729,21.929081761053408,29.44,29.44,29.44,29.44,29.44,0.0,1609459.5826289512,658417.3740518534,0.0,322691.42004014938,446801.8508734617 
 08/02  03:15:00,24.725,29.44013507396271,29.44009123900114,26.88956525481173,29.440048908466158,29.440106747814107,22.06595373567989,29.44,29.44,29.44,29.44,29.44,0.0,1595844.3954592066,643232.724326928,0.0,314678.2613973176,438935.5555964098 
 08/02  03:30:00,24.45,29.44012795929902,29.440086745409905,26.896386462353367,29.440046727527457,29.440101931950929,22.1426237046625,29.44,29.44,29.44,29.44,29.44,0.0,1581566.8333638213,629620.8066846724,0.0,307252.2297135918,431816.08086276808 
 08/02  03:45:00,24.174999999999998,29.440119809875236,29.440081732930766,26.90400410412295,29.440044190112148,29.44009662055501,22.145831862157619,29.44,29.44,29.44,29.44,29.44,0.0,1566089.3369448197,616053.3563926945,0.0,300490.6837714944,425293.5173930453 
 08/02  04:00:00,23.9,29.44011131169402,29.440076603177667,26.912469106610457,29.440041566223024,29.440091195295829,22.079949668444088,29.44,29.44,29.44,29.44,29.44,0.0,1549964.0086813132,603040.6355284406,0.0,294281.1642271755,419191.67456628629 
 08/02  04:15:00,23.9,29.44010759419329,29.44007465960698,26.923587640470605,29.440041515562468,29.44008898128663,21.973689585728505,29.44,29.44,29.44,29.44,29.44,0.0,1577028.6238106103,616393.2735766242,0.0,315739.8245895596,427281.99940607408 
 08/02  04:30:00,23.9,29.440106325821075,29.440074009964027,26.93328227877197,29.44004221713044,29.44008814095305,21.833641890908685,29.44,29.44,29.44,29.44,29.44,0.0,1593648.9401077813,621494.3066048033,0.0,328256.7937411613,430779.85591417879 
 08/02  04:45:00,23.9,29.44005176380794,29.440073887209488,26.94000180016707,29.440043113860538,29.44008789081844,21.658687751295468,29.44,29.44,29.44,29.44,29.44,0.0,1607645.16962471,624073.4429095361,0.0,337895.83801272136,432900.2265817458 
 08/02  05:00:00,23.9,29.440025216138836,29.440073967371757,26.94477975835906,29.440044007884155,29.440087885603114,21.452402868998317,29.44,29.44,29.44,29.44,29.44,0.0,1619685.083242719,625258.5720793137,0.0,345806.2382330464,434218.5602389579 
 08/02  05:15:00,23.9,29.44000670135629,29.440052987581823,27.544687458632706,29.440039046114554,29.440070174615199,21.332117767460138,29.44,29.44,29.44,29.44,29.44,0.0,1755192.8738607197,543030.9192943953,0.0,453996.906179818,489758.846864425 
 08/02  05:30:00,23.9,29.440001046891064,29.440053215919428,28.020937739011857,29.440035018418585,29.440065630780557,21.15874418741467,29.44,29.44,29.44,29.44,29.44,0.0,1761193.5020792033,537922.4362368556,0.0,453226.60097452058,485403.18342588559 
 08/02  05:45:00,23.9,29.44000027864182,29.440058186591057,28.27474679575723,29.440045998580385,29.440078762077439,21.110434700694385,29.44,29.44,29.44,29.44,29.44,0.0,1769809.7265847154,535359.2028319636,0.0,455027.548817798,481859.40229130626 
 08/02  06:00:00,23.9,29.44000013200787,29.440063148107929,28.446685265990256,29.440054564951976,29.440086279135678,21.259850857353169,29.44,29.44,29.44,29.44,29.44,0.0,1783461.6824031219,554577.5297094857,0.0,544860.7929144137,489006.2720689515 
 08/02  06:15:00,24.025,29.44000003584715,29.35490677271705,28.651639391666757,29.440052716543997,29.440075130735307,21.62032473819773,29.44,29.44,29.44,29.44,29.44,0.0,1552115.3991092889,0.0,0.0,720267.0701524546,567841.4259271941 
 08/02  06:30:00,24.15,29.440000005632166,29.32994358881106,28.875166867908143,29.440044692033337,29.44006006055676,22.15779201177991,29.439999999999999,29.439999999999999,29.439999999999999,29.439999999999999,29.439999999999999,0.0,1621011.811733143,0.0,0.0,794695.0970009216,602528.1059084133 
 08/02  06:45:00,24.275,29.44000000055678,29.334641296491964,29.11518529272809,29.440038490817839,29.440049972148374,22.92973912448191,29.44,29.44,29.44,29.44,29.44,0.0,1674559.6053798206,0.0,0.0,869491.2262623403,636173.3375860606 
 08/02  07:00:00,24.4,29.440000613294904,29.360388186530888,29.37900902148818,29.440039032263998,29.440052174452647,24.253547019907903,29.44,29.44,29.44,29.44,29.44,0.0,1738001.7922563053,0.0,67741.46430034944,940585.3684326103,670521.4147840112 
 08/02  07:15:00,24.974999999999999,29.440024651379504,29.43486080782632,29.435555460618198,29.439998853620638,29.43999765533666,25.32434686632362,29.440000000000006,29.440000000000006,29.440000000000006,29.440000000000006,29.440000000000006,0.0,2732632.3498254299,1916091.2494524485,741902.3338318557,1935128.330054135,1224514.2307023528 
 08/02  07:30:00,25.549999999999998,29.440016134384679,29.439764719257686,29.482059075409237,29.440010316894708,29.44002089899078,26.845325736799226,29.439999999999999,29.439999999999999,29.439999999999999,29.439999999999999,29.439999999999999,0.0,2891195.688281278,2145252.9632338385,999095.6143713723,2081443.3033249207,1306945.189329049 
 08/02  07:45:00,26.125,29.44000765843019,29.439987189118786,29.44170298237496,29.440005198015375,29.440014976711077,28.62864049510246,29.44000000000005,29.44000000000005,29.44000000000005,29.44000000000005,29.44000000000005,0.0,3032468.0792029316,2311915.68523676,1245863.4211770727,2205839.7149315907,1381781.802618098 
 08/02  08:00:00,26.7,29.440000683558695,29.43998962740469,29.440090977364599,29.440000049015866,29.44000875358776,30.638806078852939,29.44,29.44,29.44,29.44,29.44,0.0,3162181.531763463,2449908.1438752177,1386454.7122968883,2323250.4283097635,1450397.3424209343 
 08/02  08:15:00,27.25,22.7952899546377,22.96136989368286,21.843094368501086,22.81501058995495,22.444473414735286,32.78382539456628,19.999999999999998,19.999999999999998,19.999999999999998,19.999999999999998,19.999999999999998,0.0,24395276.370747098,20291507.920455368,11865518.405873035,20163104.678480723,12051286.915677434 
 08/02  08:30:00,27.799999999999998,21.34452562978714,21.553469972363268,20.387952233785666,21.253207630727986,20.96919751156191,34.94680781381807,20.0,20.0,20.0,20.0,20.0,0.0,24564707.29831808,20038572.909274877,12325758.914855207,20115768.157108319,12370899.3681051 
 08/02  08:45:00,28.349999999999999,20.241981784058074,20.328011979623957,20.0071372410462,20.194901055552525,20.10920722659952,37.069319040121147,19.999999999999984,19.999999999999984,19.999999999999984,19.999999999999984,19.999999999999984,0.0,21618358.367137527,17954701.91628544,9938635.598395424,17206043.9046739,10376893.82976013 
 08/02  09:00:00,28.9,20.00369922423912,20.005377603421679,19.99982348938727,20.00321124530473,20.00174693962161,39.79532673565066,19.99999999999997,19.99999999999997,19.99999999999997,19.99999999999997,19.99999999999997,0.0,17436149.071427548,14557667.057590872,8451235.807120484,13679735.7733742,8358264.137492789 
 08/02  09:15:00,29.324999999999997,21.15215760691939,21.186943134868917,20.53051018589214,20.925109073017067,20.79039664149408,41.458102129987008,21.179,21.216000000000006,20.536,20.948000000000005,20.811000000000005,0.0,12434742.15045638,10323560.082643062,6077861.64384887,10279726.957478205,6519774.608566272 
 08/02  09:30:00,29.75,22.321577057310706,22.396479058976437,21.065829609662143,21.866774271498639,21.596852562955556,43.2068210946438,22.36099999999999,22.434999999999996,21.070999999999999,21.897,21.623999999999996,0.0,9217292.188019893,7593613.5634652669,5021888.938265933,8057835.472609362,5291719.953604525 
 08/02  09:45:00,30.175000000000006,23.244531345577668,23.35196613054226,21.475259257797285,22.614655293337934,22.248782940617198,45.300525075427589,23.273000000000026,23.38300000000003,21.479000000000029,22.63900000000003,22.271000000000027,0.0,7710038.031307569,6320724.327312327,4390866.33064237,6960528.390326539,4655501.428166379 
 08/02  10:00:00,30.6,23.88798609495919,24.030992915112479,21.75462575089667,23.14568550698329,22.725149126589807,46.60382825509028,23.914999999999997,24.061,21.758000000000004,23.169,22.746999999999998,0.0,6779060.358099264,5529707.530837823,4031825.7484864976,6285874.26810589,4252233.986608805 
 08/02  10:15:00,31.000000000000005,24.322508851693578,24.50089533148797,21.93047812996484,23.51558974343739,23.071927711666868,48.45486375157555,24.340999999999988,24.522,21.939000000000005,23.532000000000005,23.087999999999999,0.0,6575602.29425727,5346382.942336201,5050001.318332056,6097049.584001751,4116326.995054126 
 08/02  10:30:00,31.400000000000003,24.601189592659734,24.810627163636128,22.04883192409,23.767704497105276,23.32044199968309,49.94480690410375,24.60999999999999,24.820999999999996,22.052999999999999,23.775999999999998,23.328999999999995,0.0,6473982.434719367,5254030.408924385,5068825.022095771,5982809.6804455,4026325.5614103705 
 08/02  10:45:00,31.800000000000006,24.773538687606089,25.00929516726532,22.12332597389898,23.93352891265245,23.493028704762116,52.06357445525363,24.779000000000026,25.016000000000035,22.126000000000034,23.939000000000037,23.49900000000003,0.0,6635776.218008541,5385423.757343261,5147863.716685417,6057952.271369914,4049072.7872184978 
 08/02  11:00:00,32.2,24.8815677956614,25.137643325850744,22.1674254270441,24.043382192015753,23.61381993177543,54.03491177692194,24.88500000000003,25.142000000000043,22.169000000000037,24.047000000000037,23.618000000000039,0.0,6810652.087075419,5535380.374836558,5200439.921589483,6156863.982772116,4088982.119310663 
 08/02  11:15:00,32.35,24.948868243791265,25.22099397677647,22.193213229661148,24.115641459635108,23.698099156204778,55.973670291089849,24.950999999999995,25.224000000000005,22.194,24.118000000000003,23.70099999999999,0.0,6662883.234980529,6732390.729889493,3845610.1255382208,6020511.914595704,3991904.390135695 
 08/02  11:30:00,32.5,24.990243963093837,25.274319927964667,22.20732873840841,24.16294859325287,23.75728547417318,57.39681482084816,24.991999999999999,25.277000000000009,22.208000000000007,24.165000000000008,23.76,0.0,6727137.820762191,7002068.016774249,3725879.9967618065,6049471.13771886,3995646.9253314875 
 08/02  11:45:00,32.65,25.015888755510884,25.308974027047836,22.215631971476019,24.193675612728535,23.798129404613986,59.083930779802987,25.016999999999994,25.311,22.215999999999999,24.195,23.799999999999995,0.0,6826967.380683823,7313861.748656351,3614261.495361457,6104709.246979305,4020108.4952511575 
 08/02  12:00:00,32.8,25.031056932461099,25.33105664715113,22.220638018909346,24.21377850314352,23.826187026671243,60.13219782025171,25.031999999999998,25.333000000000007,22.221000000000005,24.21500000000001,23.827999999999997,0.0,6881791.676244113,7456313.343313988,3561103.731462146,6135918.255978082,4031828.16805886 
 08/02  12:15:00,33.074999999999999,25.040099251765704,25.344306768644434,22.22316635178455,24.225875599171684,23.845127488938468,61.10207930381961,25.040999999999995,25.346000000000005,22.223,24.227000000000009,23.846999999999995,0.0,7249964.672899754,6492443.894621764,4850175.633060238,6413087.097499931,4192420.2704176476 
 08/02  12:30:00,33.349999999999997,25.045121270020453,25.35222748047894,22.224262396023684,24.23290069591451,23.857867753720755,61.77231092097959,25.04599999999999,25.354000000000004,22.223999999999998,24.23400000000001,23.859999999999994,0.0,7336549.086656673,6518097.662278787,4921250.588975125,6489875.446220035,4234343.548721162 
 08/02  12:45:00,33.625,25.04722610385511,25.356892786879599,22.225927928016739,24.23680056277102,23.86549249585208,62.188387222957398,25.04799999999999,25.359,22.226,24.23800000000001,23.867999999999996,0.0,7407796.022698473,6554374.5714046549,4962781.603958215,6555887.053253187,4272339.657346658 
 08/02  13:00:00,33.9,25.048468725460688,25.360466711568539,22.225388581548683,24.239240128498435,23.87112058909843,62.59266772047481,25.048999999999994,25.362000000000003,22.224999999999999,24.24000000000001,23.872999999999995,0.0,7475508.87327037,6570237.933069225,5019123.440274037,6620537.197624,4310192.563203473 
 08/02  13:15:00,34.175,25.04931966176997,25.3622738527684,22.22448463311326,24.240448961637406,23.873710791321938,62.56846938922776,25.049999999999995,25.364,22.226,24.24100000000001,23.874999999999994,0.0,7528988.3520241179,6579005.2704791449,3773973.4329559437,6675572.867745982,4343900.641588779 
 08/02  13:30:00,34.45,25.04961280203186,25.36343747680794,22.26935705991125,24.240812849816384,23.87501935068478,62.32163391189594,25.049999999999995,25.365000000000003,22.282,24.24100000000001,23.875999999999995,0.0,7565850.0760653759,6591872.809673992,3620436.032702442,6719668.988424901,4368942.455986099 
 08/02  13:45:00,34.725,25.04975266048362,25.36453155529314,22.27627121687564,24.240973268295215,23.876155482771904,62.04411263259297,25.049999999999995,25.366000000000004,22.279,24.24100000000001,23.876999999999997,0.0,7584436.276126124,6610950.242783785,3571401.2980646805,6755784.283510257,4389288.808469714 
 08/02  14:00:00,35.0,25.04982421065766,25.36504877050586,22.26668227869016,24.24104266068497,23.876662428056354,61.75326319714809,25.049999999999995,25.366000000000004,22.265,24.24100000000001,23.876999999999997,0.0,7594571.915930129,6630958.081239795,3510875.971521297,6786650.054063241,4433495.440220167 
 08/02  14:15:00,35.0,25.049901133860599,25.365509331118916,22.255053269760937,24.240304150302788,23.87693701166998,61.44792154210825,25.049999999999995,25.366000000000004,22.25,24.24000000000001,23.876999999999997,0.0,7587028.14585278,6620055.51293594,4780916.946845923,6804651.855332512,4493710.386701329 
 08/02  14:30:00,35.0,25.44667114918955,25.72220490521417,22.723365494892087,24.51769240070488,24.29173985339592,60.879145330045087,25.578999999999995,25.843000000000005,22.895,24.61000000000001,24.432999999999998,0.0,6124920.705238493,5523391.758963063,4015981.9417956967,6003628.348243166,3819094.07893004 
 08/02  14:45:00,35.0,25.93815183649053,26.164594902452259,23.318490863368085,24.862842141050039,24.80857160667282,60.328471577828647,26.107999999999995,26.319000000000004,23.543,24.98000000000001,24.988999999999998,0.0,5097969.400509058,4716111.453096069,3397882.6250199775,5386275.543393426,3324812.1557045199 
 08/02  15:00:00,35.0,26.38306429429327,26.56869874386556,23.842141969368716,25.179301628679668,25.2874073935583,59.74729921640166,26.543999999999995,26.715000000000005,24.046,25.289000000000013,25.458999999999997,0.0,4565878.607338037,4270279.707101403,3075007.500170485,5019253.4125811909,3061362.7298302624 
 08/02  15:15:00,35.15,26.775858634325944,26.92876530329945,24.296860571998566,25.46080570973799,25.724977606768176,59.224754499786268,26.846999999999995,26.995000000000006,24.387999999999996,25.510000000000013,25.804999999999994,0.0,4295095.496754158,4025936.1035884425,2893913.4783270435,4797694.392725626,2925627.5880234108 
 08/02  15:30:00,35.3,27.002424737106339,27.141761088302486,24.46559417621387,25.6291907356492,25.999041686081406,58.43763271801638,27.04499999999999,27.182000000000003,24.499999999999994,25.659000000000014,26.049999999999998,0.0,4468760.323572132,4115129.509262422,3095557.797335378,4840105.489327246,3025983.255698367 
 08/02  15:45:00,35.45,27.136260220593266,27.271157338437026,24.06376815985781,25.418739814980026,25.710974916265358,57.66905579166799,27.161999999999997,27.296000000000008,23.980999999999999,25.381000000000016,25.656999999999998,0.0,4581226.693082554,4186838.2979207804,3919947.1596849758,5630756.905866057,3800687.705098886 
 08/02  16:00:00,35.6,27.212198050873039,26.94958258349545,23.53929512160212,25.11855000812522,25.28405435983584,56.77506173554251,27.226999999999998,26.887000000000009,23.434999999999996,25.066000000000014,25.206999999999995,0.0,4708592.066553935,5141521.214134739,4638317.900913385,6295083.158309286,4506837.599604446 
 08/02  16:15:00,35.45,27.258876953446973,26.928977375635634,23.065135593536576,24.835481571596018,24.872494634036764,55.92003363456441,27.263999999999997,26.927000000000008,23.011,24.807000000000014,24.83,0.0,3875406.4627811715,5678093.904527189,4713001.517279496,6053414.175323775,4641161.869741627 
 08/02  16:30:00,35.3,27.28248457963238,26.60471578612914,22.751374368508669,24.63501301144753,24.573411920186858,54.62209714625834,27.284999999999998,26.572000000000008,22.715999999999999,24.615000000000014,24.543,0.0,3934999.911434545,6594293.782339843,4880895.225512687,6225455.824005851,4915399.206864757 
 08/02  16:45:00,35.15,27.295185478949514,26.687343430878664,22.538616503024593,24.49133488616991,24.350645736439458,53.52850220178322,27.295999999999997,26.693000000000006,22.522999999999997,24.482000000000018,24.336000000000003,0.0,3960621.668707104,6247448.170864772,4978296.544562967,6342978.794092881,5116146.001684555 
 08/02  17:00:00,35.0,27.30154418172952,26.87441766085432,22.46448613911816,24.399968093395264,24.20083524059968,51.91178350780691,27.302,26.887000000000009,22.458999999999997,24.394000000000014,24.191000000000004,0.0,3990923.9712894607,5864172.301450176,4864530.150079729,6330469.707329743,5183644.095651402 
 08/02  17:15:00,34.85,26.80040759922717,26.6001345376526,22.3889840819835,24.33982040271553,24.095852452118366,50.635086394696447,26.77599999999999,26.587,22.384999999999996,24.337000000000015,24.090999999999995,0.0,4502684.057016532,4817483.500330984,4616613.378837099,5929961.344502547,5008716.335943307 
 08/02  17:30:00,34.7,26.27340142704672,26.260991830753086,22.33109497733152,24.302782215775005,24.026256213922339,48.82054408345836,26.24899999999999,26.245000000000006,22.327999999999997,24.301000000000014,24.022999999999997,0.0,5401497.219700099,5293671.969455962,4552506.719186494,5837697.27199842,4972370.932411496 
 08/02  17:45:00,34.55,26.3611012383533,25.976242104973779,22.291172680783818,24.280132301598927,23.98018286204675,47.175763251775,26.364999999999989,25.963,22.28899999999999,24.27900000000001,23.977999999999996,0.0,4634785.290998385,5538987.060777018,4478409.321419908,5742265.027534054,4905051.099910846 
 08/02  18:00:00,34.4,26.593468934838783,26.222555519619257,22.26639245154655,24.26671418294293,23.949480988412615,45.501692584230287,26.603999999999993,26.234,22.264999999999995,24.26600000000001,23.947999999999995,0.0,4013503.5022330915,4528736.7451878259,4397542.630958275,5649358.548265285,4823281.676442261 
 08/02  18:15:00,34.0,26.30918614859258,26.099819540463675,22.250488921336868,24.259435089343719,23.929958214657334,43.78808421498778,26.295999999999994,26.094,22.250999999999999,24.259000000000009,23.92899999999999,0.0,4868339.885815489,4663710.553118759,3162291.7047811734,5656110.761575289,4804622.734195725 
 08/02  18:30:00,33.599999999999997,27.81383897194503,27.872457423586388,24.461759114845785,26.5177337734958,27.020798211681546,42.412568050653728,29.439999999999999,29.439999999999999,29.439999999999999,29.439999999999999,29.439999999999999,0.0,0.0,0.0,0.0,0.0,0.0 
 08/02  18:45:00,33.199999999999999,29.08288632958177,29.234582844347,25.794891092433909,28.308423983143738,29.105767825635167,40.46661188459312,29.440000000000045,29.440000000000045,29.440000000000045,29.440000000000045,29.440000000000045,0.0,0.0,290604.99688922645,0.0,0.0,234406.79956932728 
 08/02  19:00:00,32.8,29.422606698397439,29.43306290812804,26.241922040796454,29.013542748155225,29.42793968345478,38.767940827882878,29.44000000000005,29.44000000000005,29.44000000000005,29.44000000000005,29.44000000000005,0.0,391706.78389314966,721729.4571949104,0.0,0.0,591874.0069050952 
 08/02  19:15:00,32.375,29.439288206455588,29.439738552976608,26.346254607858719,29.207178785927576,29.439483172998835,37.465865837094138,29.439999999999999,29.439999999999999,29.439999999999999,29.439999999999999,29.439999999999999,0.0,613011.4712390649,855778.1019095109,0.0,0.0,670332.1816489685 
 08/02  19:30:00,31.95,29.440022398914917,29.4400536108282,26.509360023933057,29.404660787267603,29.440068454027807,35.522211397698047,29.439999999999999,29.439999999999999,29.439999999999999,29.439999999999999,29.439999999999999,0.0,778506.3374012123,931790.9833202718,0.0,44773.45074142099,687428.7514675908 
 08/02  19:45:00,31.525000000000003,29.44005549047408,29.440066429340847,26.60028763767381,29.43844160875164,29.440092748285339,33.90278203815686,29.439999999999999,29.439999999999999,29.439999999999999,29.439999999999999,29.439999999999999,0.0,869562.2986649859,969339.2403383954,0.0,203186.55283072813,716989.0167136121 
 08/02  20:00:00,31.1,29.440054059459628,29.440062797649,26.66119182209409,29.43997303774502,29.440087173110123,32.27203549250382,29.439999999999999,29.439999999999999,29.439999999999999,29.439999999999999,29.439999999999999,0.0,931252.3807635262,984664.9172934415,0.0,302378.3471724454,732197.684357287 
 08/02  20:15:00,30.675000000000006,29.440052063437478,29.44006455869533,26.69986384399168,29.440026559405287,29.44008929479203,31.25488908643464,29.440000000000006,29.440000000000006,29.440000000000006,29.440000000000006,29.440000000000006,0.0,966419.803126063,987291.7120175427,0.0,359174.2232488922,731197.036025486 
 08/02  20:30:00,30.25,29.440061763969788,29.440071714174417,26.758274199288086,29.44005363917485,29.440096642680975,29.722567475284874,29.440000000000006,29.440000000000006,29.440000000000006,29.440000000000006,29.440000000000006,0.0,991881.9987709798,981903.5600064587,0.0,394520.7490957951,724900.272139404 
 08/02  20:45:00,29.824999999999997,29.44006340046798,29.44007555768468,26.781938019563758,29.440041238425,29.44010120566945,29.03638377336615,29.44,29.44,29.44,29.44,29.44,0.0,999640.6411478007,963535.6324076324,0.0,408544.7254875363,707365.3292505166 
 08/02  21:00:00,29.4,29.440077019486297,29.440090274762967,26.806673747648735,29.440048123042226,29.440119717301504,28.25771982986994,29.439999999999999,29.439999999999999,29.439999999999999,29.439999999999999,29.439999999999999,0.0,997785.335274142,937030.1848726333,0.0,407799.0170518431,684268.8286939566 
 08/02  21:15:00,28.724999999999999,29.440061492790109,29.440071671126789,26.80209614504511,29.440035403792117,29.440095894093579,27.514224081947036,29.44,29.44,29.44,29.44,29.44,0.0,923922.3413413127,850752.2711685717,0.0,344731.06202702198,632670.2459049941 
 08/02  21:30:00,28.049999999999998,29.44007029928307,29.440080434283258,26.80188201237451,29.440036717227039,29.440108104644144,26.84978667229626,29.439999999999999,29.439999999999999,29.439999999999999,29.439999999999999,29.439999999999999,0.0,877779.6906977012,789150.1325429884,0.0,298828.5963211076,592926.865428461 
 08/02  21:45:00,27.375,29.440084251417305,29.440094546751376,26.798132719040536,29.440071225451339,29.440125889234375,25.88353462492103,29.439999999999999,29.439999999999999,29.439999999999999,29.439999999999999,29.439999999999999,0.0,831756.7164367877,731031.389571325,0.0,252355.29315551459,558290.6646178085 
 08/02  22:00:00,26.7,29.44008339173985,29.44009220508642,26.79230167463323,29.44007213252625,29.440123534113508,25.233813104224465,29.439999999999999,29.439999999999999,29.439999999999999,29.439999999999999,29.439999999999999,0.0,783088.5552437692,673285.6961144331,0.0,202667.6173474805,526497.6453827993 
 08/02  22:15:00,26.7,29.44007986566497,29.4400866473257,26.768308539278224,29.44003797172497,29.440119258776464,24.947560647131917,29.44,29.44,29.44,29.44,29.44,0.0,743313.9056775577,619470.7353891083,0.0,160481.0023896533,489462.1816805044 
 08/02  22:30:00,26.7,29.44009645265769,29.440106368194308,26.745674094952706,29.440078772676779,29.44014247368218,24.369162470195904,29.44,29.44,29.44,29.44,29.44,0.0,762618.9041627143,611062.5410834397,0.0,159190.98901797299,476291.9930604709 
 08/02  22:45:00,26.7,29.4400988727418,29.440109972646579,26.744251242441956,29.440090599449819,29.44014631243845,24.118867483277947,29.44,29.44,29.44,29.44,29.44,0.0,782593.6304107575,602559.1348429098,0.0,155824.3319237874,464403.01901919257 
 08/02  23:00:00,26.7,29.440101759494934,29.440102956295488,26.74816268616422,29.440046301093678,29.440136613778376,24.00027630699077,29.44,29.44,29.44,29.44,29.44,0.0,801568.6632113287,594156.5739663118,0.0,154443.3019785074,452826.20554217297 
 08/02  23:15:00,26.549999999999998,29.44012800987742,29.440120556768865,26.880457645741797,29.44006263782951,29.44015266085008,23.89795829354172,29.44,29.44,29.44,29.44,29.44,0.0,1368019.207948546,840160.3905115686,0.0,408164.8072148709,582253.6641460242 
 08/02  23:30:00,26.4,29.44014402950839,29.440127322236497,26.98125330142611,29.44006893305828,29.440157913125476,23.756418655754943,29.44,29.44,29.44,29.44,29.44,0.0,1734228.2939812006,819497.9626968071,0.0,394740.14110311647,565794.1517123105 
 08/02  23:45:00,26.250000000000005,29.44015153978469,29.440128809179297,27.00304327727009,29.440070478671094,29.44015785747992,23.55951988092477,29.44,29.44,29.44,29.44,29.44,0.0,1731421.2883981628,798256.8117820916,0.0,381784.0825974596,549397.2159893082 
 08/02  24:00:00,26.1,29.440154959134966,29.440127690205875,26.990133413761979,29.440069639249914,29.440155204484538,23.316336205786948,29.44,29.44,29.44,29.44,29.44,0.0,1728044.1790562869,776912.8205858804,0.0,367600.68197925828,533465.1421849867 
